Product,Current Rate,Optimized Rate,Rate Change
Savings,1.46,1.67,0.21
Checking,2.11,2.1999999999999997,0.09
CD,2.28,2.2199999999999998,-0.06
Money Market,1.8,2.0300000000000002,0.23
